{"schemaVersion":"1.0","appDefinitionTemplate":{"id":"/providers/Microsoft.PowerApps/apps/","type":"Microsoft.PowerApps/apps","tags":{"primaryDeviceWidth":"1366","primaryDeviceHeight":"768","supportsPortrait":"true","supportsLandscape":"true","primaryFormFactor":"Tablet","showStatusBar":"false","publisherVersion":"3.24074.14","minimumRequiredApiVersion":"2.2.0","hasComponent":"false","hasUnlockedComponent":"false","isUnifiedRootApp":"false","sienaVersion":"20240802T233158Z-3.24074.14.0"},"properties":{"appVersion":"2024-08-02T23:31:58Z","lifeCycleId":"Published","createdByClientVersion":{"major":3,"minor":24074,"build":14,"revision":0,"majorRevision":0,"minorRevision":0},"minClientVersion":{"major":3,"minor":24074,"build":14,"revision":0,"majorRevision":0,"minorRevision":0},"backgroundColor":"RGBA(0,176,240,1)","backgroundImageUri":"/5459106445104277435/N28f76ae1-20e4-49d2-8a95-895b3edcaec9-logoSmallFile","displayName":"App Estoque","description":"","commitMessage":"","appUris":{"documentUri":{"value":"/5459106445104277435/Nc84b56ff-5a20-4907-85dc-feccfc71c251-document.msapp"},"imageUris":[],"additionalUris":[{"isSolutionAware":false,"value":"/5459106445104277435/N4890c0cc-f3be-4998-b618-4433954aa9cc-identity.json"}]},"createdTime":"0001-01-01T00:00:00Z","lastModifiedTime":"0001-01-01T00:00:00Z","sharedGroupsCount":0,"sharedUsersCount":0,"connectionReferences":{"bb4db220-6e2e-42df-b309-81fbb2854453":{"id":"a185c3b4-a7fb-4c51-92c6-e7a067f96b56","displayName":"Excel","iconUri":"https://connectoricons-prod.azureedge.net/releases/v1.0.1702/1.0.1702.3810/excel/icon.png","dataSources":["tb_movimentacao","tb_produto"],"dependencies":["8634535b-eebe-4638-b300-9ebc14702d8d"],"dependents":[],"parameterHints":{"8634535b-eebe-4638-b300-9ebc14702d8d":{"value":"fileSource"}},"parameterHintsV2":{"fileSource":{"value":"8634535b-eebe-4638-b300-9ebc14702d8d"}},"isOnPremiseConnection":false,"bypassConsent":false,"dataSets":{"b!BGgyz70J8ES803mcvzLO5_zGFD9zLslLpAgnO8jVNCMKyescJMuPTZq7oKgeMbMj.01556VNXETQTFQZTQAGRC2LZAHBQPPIN75":{"dataSources":{"tb_movimentacao":{"tableName":"tb_movimentacao"},"tb_produto":{"tableName":"tb_produto"}}}},"apiTier":"Standard","isCustomApiConnection":false,"actions":["providers/PowerPlatform.Governance/Operations/Read","providers/PowerPlatform.Governance/Operations/Write"]},"8634535b-eebe-4638-b300-9ebc14702d8d":{"id":"97346f75-9efd-4526-ae1d-838983e946f3","displayName":"OneDrive for Business","iconUri":"https://connectoricons-prod.azureedge.net/releases/v1.0.1689/1.0.1689.3722/onedriveforbusiness/icon.png","dataSources":[],"dependencies":[],"dependents":["bb4db220-6e2e-42df-b309-81fbb2854453"],"parameterHints":{},"parameterHintsV2":{},"isOnPremiseConnection":false,"bypassConsent":false,"dataSets":{},"apiTier":"Standard","isCustomApiConnection":false},"9b300c28-65f4-436e-a045-0ee68638a29a":{"id":"801184df-6f0a-443f-aba8-a364420e5374","displayName":"Office 365 Users","iconUri":"https://connectoricons-prod.azureedge.net/releases/v1.0.1702/1.0.1702.3810/office365users/icon.png","dataSources":["Office365Users"],"dependencies":[],"dependents":[],"parameterHints":{},"parameterHintsV2":{},"isOnPremiseConnection":false,"bypassConsent":false,"dataSets":{},"apiTier":"Standard","isCustomApiConnection":false}},"databaseReferences":{},"almMode":"Environment","performanceOptimizationEnabled":true,"canConsumeAppPass":true,"enableModernRuntimeMode":false,"executionRestrictions":{"isTeamsOnly":false,"dataLossPreventionEvaluationResult":{"status":"Compliant","lastEvaluationDate":"2024-08-01T20:43:06.1677513Z","violations":[],"violationsByPolicy":[],"violationErrorMessage":"The app uses the following connectors: shared_excel, shared_onedriveforbusiness, shared_office365users."}}},"appType":"ClassicCanvasApp","appComponents":[]}}